week,experiment,experiment_day,site,field_day,species,attacks,notes
1,low_density,1,1,5/28/22,iphiclus,0,
1,low_density,1,1,5/28/22,serpa,0,
1,low_density,1,1,5/28/22,junonia,0,
1,low_density,1,2,5/28/22,iphiclus,0,
1,low_density,1,2,5/28/22,serpa,0,
1,low_density,1,2,5/28/22,junonia,0,
1,low_density,1,3,5/28/22,iphiclus,0,
1,low_density,1,3,5/28/22,serpa,0,
1,low_density,1,3,5/28/22,junonia,0,
1,low_density,1,4,5/28/22,iphiclus,0,
1,low_density,1,4,5/28/22,serpa,0,
1,low_density,1,4,5/28/22,junonia,0,
1,low_density,1,5,5/28/22,iphiclus,0,
1,low_density,1,5,5/28/22,serpa,0,
1,low_density,1,5,5/28/22,junonia,0,
1,low_density,1,6,5/28/22,iphiclus,0,
1,low_density,1,6,5/28/22,serpa,0,
1,low_density,1,6,5/28/22,junonia,1,
1,low_density,1,7,5/28/22,iphiclus,0,
1,low_density,1,7,5/28/22,serpa,0,
1,low_density,1,7,5/28/22,junonia,0,
1,low_density,1,8,5/28/22,iphiclus,0,
1,low_density,1,8,5/28/22,serpa,0,
1,low_density,1,8,5/28/22,junonia,0,
1,low_density,1,9,5/28/22,iphiclus,0,
1,low_density,1,9,5/28/22,serpa,0,
1,low_density,1,9,5/28/22,junonia,0,
1,low_density,1,10,5/28/22,iphiclus,0,
1,low_density,1,10,5/28/22,serpa,1,
1,low_density,1,10,5/28/22,junonia,3,
1,low_density,1,11,5/28/22,iphiclus,0,
1,low_density,1,11,5/28/22,serpa,0,
1,low_density,1,11,5/28/22,junonia,1,
1,low_density,1,12,5/28/22,iphiclus,0,
1,low_density,1,12,5/28/22,serpa,1,
1,low_density,1,12,5/28/22,junonia,0,
1,low_density,1,13,5/28/22,iphiclus,0,
1,low_density,1,13,5/28/22,serpa,0,
1,low_density,1,13,5/28/22,junonia,0,
1,low_density,1,14,5/28/22,iphiclus,0,
1,low_density,1,14,5/28/22,serpa,0,
1,low_density,1,14,5/28/22,junonia,0,
1,low_density,1,15,5/28/22,iphiclus,1,
1,low_density,1,15,5/28/22,serpa,1,
1,low_density,1,15,5/28/22,junonia,0,
1,low_density,1,16,5/28/22,iphiclus,0,
1,low_density,1,16,5/28/22,serpa,0,
1,low_density,1,16,5/28/22,junonia,1,
1,low_density,1,17,5/28/22,iphiclus,1,
1,low_density,1,17,5/28/22,serpa,0,
1,low_density,1,17,5/28/22,junonia,0,
1,low_density,1,18,5/28/22,iphiclus,0,
1,low_density,1,18,5/28/22,serpa,0,
1,low_density,1,18,5/28/22,junonia,0,
1,low_density,1,19,5/28/22,iphiclus,2,
1,low_density,1,19,5/28/22,serpa,0,
1,low_density,1,19,5/28/22,junonia,0,
1,low_density,1,20,5/28/22,iphiclus,0,
1,low_density,1,20,5/28/22,serpa,1,
1,low_density,1,20,5/28/22,junonia,1,
1,low_density,1,21,5/28/22,iphiclus,0,
1,low_density,1,21,5/28/22,serpa,0,
1,low_density,1,21,5/28/22,junonia,0,
1,low_density,1,22,5/28/22,iphiclus,0,
1,low_density,1,22,5/28/22,serpa,0,
1,low_density,1,22,5/28/22,junonia,0,
1,low_density,1,23,5/28/22,iphiclus,0,
1,low_density,1,23,5/28/22,serpa,2,
1,low_density,1,23,5/28/22,junonia,0,
1,low_density,1,24,5/28/22,iphiclus,0,
1,low_density,1,24,5/28/22,serpa,0,
1,low_density,1,24,5/28/22,junonia,0,
1,low_density,1,25,5/28/22,iphiclus,0,
1,low_density,1,25,5/28/22,serpa,2,
1,low_density,1,25,5/28/22,junonia,0,
1,low_density,2,1,5/29/2022,iphiclus,0,
1,low_density,2,1,5/29/2022,serpa,0,
1,low_density,2,1,5/29/2022,junonia,0,
1,low_density,2,2,5/29/2022,iphiclus,0,
1,low_density,2,2,5/29/2022,serpa,0,
1,low_density,2,2,5/29/2022,junonia,1,
1,low_density,2,3,5/29/2022,iphiclus,0,
1,low_density,2,3,5/29/2022,serpa,0,
1,low_density,2,3,5/29/2022,junonia,0,
1,low_density,2,4,5/29/2022,iphiclus,0,
1,low_density,2,4,5/29/2022,serpa,0,
1,low_density,2,4,5/29/2022,junonia,0,
1,low_density,2,5,5/29/2022,iphiclus,1,
1,low_density,2,5,5/29/2022,serpa,0,
1,low_density,2,5,5/29/2022,junonia,0,
1,low_density,2,6,5/29/2022,iphiclus,0,
1,low_density,2,6,5/29/2022,serpa,0,
1,low_density,2,6,5/29/2022,junonia,0,
1,low_density,2,7,5/29/2022,iphiclus,2,
1,low_density,2,7,5/29/2022,serpa,0,
1,low_density,2,7,5/29/2022,junonia,0,
1,low_density,2,8,5/29/2022,iphiclus,0,
1,low_density,2,8,5/29/2022,serpa,2,
1,low_density,2,8,5/29/2022,junonia,1,
1,low_density,2,9,5/29/2022,iphiclus,0,
1,low_density,2,9,5/29/2022,serpa,1,
1,low_density,2,9,5/29/2022,junonia,0,
1,low_density,2,10,5/29/2022,iphiclus,0,
1,low_density,2,10,5/29/2022,serpa,1,
1,low_density,2,10,5/29/2022,junonia,0,
1,low_density,2,11,5/29/2022,iphiclus,1,
1,low_density,2,11,5/29/2022,serpa,0,
1,low_density,2,11,5/29/2022,junonia,0,
1,low_density,2,12,5/29/2022,iphiclus,1,
1,low_density,2,12,5/29/2022,serpa,0,
1,low_density,2,12,5/29/2022,junonia,1,
1,low_density,2,13,5/29/2022,iphiclus,0,
1,low_density,2,13,5/29/2022,serpa,0,
1,low_density,2,13,5/29/2022,junonia,0,
1,low_density,2,14,5/29/2022,iphiclus,0,
1,low_density,2,14,5/29/2022,serpa,0,
1,low_density,2,14,5/29/2022,junonia,0,
1,low_density,2,15,5/29/2022,iphiclus,0,
1,low_density,2,15,5/29/2022,serpa,2,
1,low_density,2,15,5/29/2022,junonia,0,
1,low_density,2,16,5/29/2022,iphiclus,0,
1,low_density,2,16,5/29/2022,serpa,0,
1,low_density,2,16,5/29/2022,junonia,0,
1,low_density,2,17,5/29/2022,iphiclus,0,
1,low_density,2,17,5/29/2022,serpa,0,
1,low_density,2,17,5/29/2022,junonia,0,
1,low_density,2,18,5/29/2022,iphiclus,0,
1,low_density,2,18,5/29/2022,serpa,0,
1,low_density,2,18,5/29/2022,junonia,0,
1,low_density,2,19,5/29/2022,iphiclus,0,
1,low_density,2,19,5/29/2022,serpa,0,
1,low_density,2,19,5/29/2022,junonia,0,
1,low_density,2,20,5/29/2022,iphiclus,0,
1,low_density,2,20,5/29/2022,serpa,0,
1,low_density,2,20,5/29/2022,junonia,0,
1,low_density,2,21,5/29/2022,iphiclus,0,
1,low_density,2,21,5/29/2022,serpa,0,
1,low_density,2,21,5/29/2022,junonia,0,
1,low_density,2,22,5/29/2022,iphiclus,0,
1,low_density,2,22,5/29/2022,serpa,0,
1,low_density,2,22,5/29/2022,junonia,0,
1,low_density,2,23,5/29/2022,iphiclus,0,
1,low_density,2,23,5/29/2022,serpa,0,
1,low_density,2,23,5/29/2022,junonia,0,
1,low_density,2,24,5/29/2022,iphiclus,0,
1,low_density,2,24,5/29/2022,serpa,0,
1,low_density,2,24,5/29/2022,junonia,0,
1,low_density,2,25,5/29/2022,iphiclus,0,
1,low_density,2,25,5/29/2022,serpa,0,
1,low_density,2,25,5/29/2022,junonia,0,
1,low_density,3,1,5/30/2022,iphiclus,0,
1,low_density,3,1,5/30/2022,serpa,0,
1,low_density,3,1,5/30/2022,junonia,0,
1,low_density,3,2,5/30/2022,iphiclus,0,
1,low_density,3,2,5/30/2022,serpa,0,
1,low_density,3,2,5/30/2022,junonia,0,
1,low_density,3,3,5/30/2022,iphiclus,1,
1,low_density,3,3,5/30/2022,serpa,0,
1,low_density,3,3,5/30/2022,junonia,0,
1,low_density,3,4,5/30/2022,iphiclus,0,
1,low_density,3,4,5/30/2022,serpa,0,
1,low_density,3,4,5/30/2022,junonia,0,
1,low_density,3,5,5/30/2022,iphiclus,1,
1,low_density,3,5,5/30/2022,serpa,0,
1,low_density,3,5,5/30/2022,junonia,0,
1,low_density,3,6,5/30/2022,iphiclus,0,
1,low_density,3,6,5/30/2022,serpa,0,
1,low_density,3,6,5/30/2022,junonia,0,
1,low_density,3,7,5/30/2022,iphiclus,0,
1,low_density,3,7,5/30/2022,serpa,0,
1,low_density,3,7,5/30/2022,junonia,0,
1,low_density,3,8,5/30/2022,iphiclus,0,
1,low_density,3,8,5/30/2022,serpa,0,
1,low_density,3,8,5/30/2022,junonia,0,
1,low_density,3,9,5/30/2022,iphiclus,0,
1,low_density,3,9,5/30/2022,serpa,0,
1,low_density,3,9,5/30/2022,junonia,0,
1,low_density,3,10,5/30/2022,iphiclus,1,
1,low_density,3,10,5/30/2022,serpa,1,
1,low_density,3,10,5/30/2022,junonia,1,
1,low_density,3,11,5/30/2022,iphiclus,0,
1,low_density,3,11,5/30/2022,serpa,0,
1,low_density,3,11,5/30/2022,junonia,0,
1,low_density,3,12,5/30/2022,iphiclus,0,
1,low_density,3,12,5/30/2022,serpa,0,
1,low_density,3,12,5/30/2022,junonia,0,
1,low_density,3,13,5/30/2022,iphiclus,0,
1,low_density,3,13,5/30/2022,serpa,0,
1,low_density,3,13,5/30/2022,junonia,0,
1,low_density,3,14,5/30/2022,iphiclus,0,
1,low_density,3,14,5/30/2022,serpa,0,
1,low_density,3,14,5/30/2022,junonia,0,
1,low_density,3,15,5/30/2022,iphiclus,0,
1,low_density,3,15,5/30/2022,serpa,0,
1,low_density,3,15,5/30/2022,junonia,0,
1,low_density,3,16,5/30/2022,iphiclus,0,
1,low_density,3,16,5/30/2022,serpa,1,
1,low_density,3,16,5/30/2022,junonia,1,
1,low_density,3,17,5/30/2022,iphiclus,0,
1,low_density,3,17,5/30/2022,serpa,1,
1,low_density,3,17,5/30/2022,junonia,1,
1,low_density,3,18,5/30/2022,iphiclus,0,
1,low_density,3,18,5/30/2022,serpa,0,
1,low_density,3,18,5/30/2022,junonia,0,
1,low_density,3,19,5/30/2022,iphiclus,0,
1,low_density,3,19,5/30/2022,serpa,1,
1,low_density,3,19,5/30/2022,junonia,2,
1,low_density,3,20,5/30/2022,iphiclus,0,
1,low_density,3,20,5/30/2022,serpa,0,
1,low_density,3,20,5/30/2022,junonia,0,
1,low_density,3,21,5/30/2022,iphiclus,0,
1,low_density,3,21,5/30/2022,serpa,0,
1,low_density,3,21,5/30/2022,junonia,0,
1,low_density,3,22,5/30/2022,iphiclus,0,
1,low_density,3,22,5/30/2022,serpa,1,
1,low_density,3,22,5/30/2022,junonia,0,
1,low_density,3,23,5/30/2022,iphiclus,0,
1,low_density,3,23,5/30/2022,serpa,1,
1,low_density,3,23,5/30/2022,junonia,0,
1,low_density,3,24,5/30/2022,iphiclus,0,
1,low_density,3,24,5/30/2022,serpa,0,
1,low_density,3,24,5/30/2022,junonia,0,
1,low_density,3,25,5/30/2022,iphiclus,0,
1,low_density,3,25,5/30/2022,serpa,0,
1,low_density,3,25,5/30/2022,junonia,0,
1,low_density,4,1,5/31/2022,iphiclus,0,
1,low_density,4,1,5/31/2022,serpa,0,
1,low_density,4,1,5/31/2022,junonia,0,
1,low_density,4,2,5/31/2022,iphiclus,0,
1,low_density,4,2,5/31/2022,serpa,0,
1,low_density,4,2,5/31/2022,junonia,0,
1,low_density,4,3,5/31/2022,iphiclus,0,
1,low_density,4,3,5/31/2022,serpa,0,
1,low_density,4,3,5/31/2022,junonia,1,
1,low_density,4,4,5/31/2022,iphiclus,0,
1,low_density,4,4,5/31/2022,serpa,0,
1,low_density,4,4,5/31/2022,junonia,1,
1,low_density,4,5,5/31/2022,iphiclus,0,
1,low_density,4,5,5/31/2022,serpa,1,
1,low_density,4,5,5/31/2022,junonia,0,
1,low_density,4,6,5/31/2022,iphiclus,0,
1,low_density,4,6,5/31/2022,serpa,1,
1,low_density,4,6,5/31/2022,junonia,0,
1,low_density,4,7,5/31/2022,iphiclus,0,
1,low_density,4,7,5/31/2022,serpa,0,
1,low_density,4,7,5/31/2022,junonia,0,
1,low_density,4,8,5/31/2022,iphiclus,0,
1,low_density,4,8,5/31/2022,serpa,0,
1,low_density,4,8,5/31/2022,junonia,0,
1,low_density,4,9,5/31/2022,iphiclus,1,
1,low_density,4,9,5/31/2022,serpa,1,
1,low_density,4,9,5/31/2022,junonia,1,
1,low_density,4,10,5/31/2022,iphiclus,0,
1,low_density,4,10,5/31/2022,serpa,0,
1,low_density,4,10,5/31/2022,junonia,1,
1,low_density,4,11,5/31/2022,iphiclus,0,
1,low_density,4,11,5/31/2022,serpa,1,
1,low_density,4,11,5/31/2022,junonia,0,
1,low_density,4,12,5/31/2022,iphiclus,1,
1,low_density,4,12,5/31/2022,serpa,0,
1,low_density,4,12,5/31/2022,junonia,0,
1,low_density,4,13,5/31/2022,iphiclus,0,
1,low_density,4,13,5/31/2022,serpa,0,
1,low_density,4,13,5/31/2022,junonia,0,
1,low_density,4,14,5/31/2022,iphiclus,0,
1,low_density,4,14,5/31/2022,serpa,0,
1,low_density,4,14,5/31/2022,junonia,0,
1,low_density,4,15,5/31/2022,iphiclus,0,
1,low_density,4,15,5/31/2022,serpa,0,
1,low_density,4,15,5/31/2022,junonia,0,
1,low_density,4,16,5/31/2022,iphiclus,0,
1,low_density,4,16,5/31/2022,serpa,0,
1,low_density,4,16,5/31/2022,junonia,1,
1,low_density,4,17,5/31/2022,iphiclus,0,
1,low_density,4,17,5/31/2022,serpa,1,
1,low_density,4,17,5/31/2022,junonia,0,
1,low_density,4,18,5/31/2022,iphiclus,0,
1,low_density,4,18,5/31/2022,serpa,0,
1,low_density,4,18,5/31/2022,junonia,0,
1,low_density,4,19,5/31/2022,iphiclus,0,
1,low_density,4,19,5/31/2022,serpa,0,
1,low_density,4,19,5/31/2022,junonia,0,
1,low_density,4,20,5/31/2022,iphiclus,0,
1,low_density,4,20,5/31/2022,serpa,0,
1,low_density,4,20,5/31/2022,junonia,0,
1,low_density,4,21,5/31/2022,iphiclus,0,
1,low_density,4,21,5/31/2022,serpa,0,
1,low_density,4,21,5/31/2022,junonia,0,
1,low_density,4,22,5/31/2022,iphiclus,0,
1,low_density,4,22,5/31/2022,serpa,0,
1,low_density,4,22,5/31/2022,junonia,1,
1,low_density,4,23,5/31/2022,iphiclus,0,
1,low_density,4,23,5/31/2022,serpa,0,
1,low_density,4,23,5/31/2022,junonia,0,
1,low_density,4,24,5/31/2022,iphiclus,0,
1,low_density,4,24,5/31/2022,serpa,0,
1,low_density,4,24,5/31/2022,junonia,0,
1,low_density,4,25,5/31/2022,iphiclus,0,
1,low_density,4,25,5/31/2022,serpa,0,
1,low_density,4,25,5/31/2022,junonia,0,
1,high_density,1,26,5/29/2022,iphiclus,3,2 OF THEM SITE # UNSPECIFIED
1,high_density,1,26,5/29/2022,serpa,4,SITE # UNSPECIFIED
1,high_density,1,26,5/29/2022,junonia,2,
1,high_density,1,27,5/29/2022,iphiclus,0,
1,high_density,1,27,5/29/2022,serpa,0,
1,high_density,1,27,5/29/2022,junonia,2,
1,high_density,1,28,5/29/2022,iphiclus,2,
1,high_density,1,28,5/29/2022,serpa,0,
1,high_density,1,28,5/29/2022,junonia,2,
1,high_density,1,29,5/29/2022,iphiclus,0,
1,high_density,1,29,5/29/2022,serpa,0,
1,high_density,1,29,5/29/2022,junonia,1,
1,high_density,1,30,5/29/2022,iphiclus,1,
1,high_density,1,30,5/29/2022,serpa,2,
1,high_density,1,30,5/29/2022,junonia,0,
1,high_density,1,31,5/29/2022,iphiclus,0,
1,high_density,1,31,5/29/2022,serpa,1,
1,high_density,1,31,5/29/2022,junonia,3,
1,high_density,1,32,5/29/2022,iphiclus,0,
1,high_density,1,32,5/29/2022,serpa,1,
1,high_density,1,32,5/29/2022,junonia,1,
1,high_density,1,33,5/29/2022,iphiclus,1,
1,high_density,1,33,5/29/2022,serpa,0,
1,high_density,1,33,5/29/2022,junonia,0,
1,high_density,1,34,5/29/2022,iphiclus,0,
1,high_density,1,34,5/29/2022,serpa,3,
1,high_density,1,34,5/29/2022,junonia,0,
1,high_density,1,35,5/29/2022,iphiclus,1,
1,high_density,1,35,5/29/2022,serpa,0,
1,high_density,1,35,5/29/2022,junonia,0,
1,high_density,1,36,5/29/2022,iphiclus,0,
1,high_density,1,36,5/29/2022,serpa,1,
1,high_density,1,36,5/29/2022,junonia,1,
1,high_density,1,37,5/29/2022,iphiclus,2,
1,high_density,1,37,5/29/2022,serpa,0,
1,high_density,1,37,5/29/2022,junonia,2,
1,high_density,1,38,5/29/2022,iphiclus,1,
1,high_density,1,38,5/29/2022,serpa,1,
1,high_density,1,38,5/29/2022,junonia,2,
1,high_density,1,39,5/30/2022,iphiclus,0,
1,high_density,1,39,5/30/2022,serpa,0,
1,high_density,1,39,5/30/2022,junonia,0,
1,high_density,1,40,5/30/2022,iphiclus,0,
1,high_density,1,40,5/30/2022,serpa,0,
1,high_density,1,40,5/30/2022,junonia,0,
1,high_density,1,41,5/30/2022,iphiclus,0,
1,high_density,1,41,5/30/2022,serpa,1,
1,high_density,1,41,5/30/2022,junonia,2,
1,high_density,1,42,5/30/2022,iphiclus,0,
1,high_density,1,42,5/30/2022,serpa,0,
1,high_density,1,42,5/30/2022,junonia,1,
1,high_density,1,43,5/30/2022,iphiclus,1,
1,high_density,1,43,5/30/2022,serpa,0,
1,high_density,1,43,5/30/2022,junonia,0,
1,high_density,1,44,5/30/2022,iphiclus,0,
1,high_density,1,44,5/30/2022,serpa,0,
1,high_density,1,44,5/30/2022,junonia,3,
1,high_density,1,45,5/30/2022,iphiclus,1,
1,high_density,1,45,5/30/2022,serpa,0,
1,high_density,1,45,5/30/2022,junonia,3,
1,high_density,1,46,5/30/2022,iphiclus,0,
1,high_density,1,46,5/30/2022,serpa,2,
1,high_density,1,46,5/30/2022,junonia,0,
1,high_density,1,47,5/30/2022,iphiclus,0,
1,high_density,1,47,5/30/2022,serpa,1,
1,high_density,1,47,5/30/2022,junonia,3,
1,high_density,1,48,5/30/2022,iphiclus,1,
1,high_density,1,48,5/30/2022,serpa,1,
1,high_density,1,48,5/30/2022,junonia,2,
1,high_density,1,49,5/30/2022,iphiclus,2,
1,high_density,1,49,5/30/2022,serpa,3,
1,high_density,1,49,5/30/2022,junonia,0,
1,high_density,1,50,5/30/2022,iphiclus,1,
1,high_density,1,50,5/30/2022,serpa,2,
1,high_density,1,50,5/30/2022,junonia,1,
1,high_density,2,26,5/30/2022,iphiclus,0,
1,high_density,2,26,5/30/2022,serpa,1,
1,high_density,2,26,5/30/2022,junonia,1,
1,high_density,2,27,5/30/2022,iphiclus,2,
1,high_density,2,27,5/30/2022,serpa,0,
1,high_density,2,27,5/30/2022,junonia,1,
1,high_density,2,28,5/30/2022,iphiclus,0,
1,high_density,2,28,5/30/2022,serpa,0,
1,high_density,2,28,5/30/2022,junonia,0,
1,high_density,2,29,5/30/2022,iphiclus,0,
1,high_density,2,29,5/30/2022,serpa,0,
1,high_density,2,29,5/30/2022,junonia,0,
1,high_density,2,30,5/30/2022,iphiclus,2,
1,high_density,2,30,5/30/2022,serpa,0,
1,high_density,2,30,5/30/2022,junonia,0,
1,high_density,2,31,5/30/2022,iphiclus,0,
1,high_density,2,31,5/30/2022,serpa,0,
1,high_density,2,31,5/30/2022,junonia,1,
1,high_density,2,32,5/30/2022,iphiclus,0,
1,high_density,2,32,5/30/2022,serpa,0,
1,high_density,2,32,5/30/2022,junonia,1,
1,high_density,2,33,5/30/2022,iphiclus,0,
1,high_density,2,33,5/30/2022,serpa,0,
1,high_density,2,33,5/30/2022,junonia,0,
1,high_density,2,34,5/30/2022,iphiclus,0,
1,high_density,2,34,5/30/2022,serpa,0,
1,high_density,2,34,5/30/2022,junonia,0,
1,high_density,2,35,5/30/2022,iphiclus,0,
1,high_density,2,35,5/30/2022,serpa,0,
1,high_density,2,35,5/30/2022,junonia,1,
1,high_density,2,36,5/30/2022,iphiclus,0,
1,high_density,2,36,5/30/2022,serpa,0,
1,high_density,2,36,5/30/2022,junonia,0,
1,high_density,2,37,5/30/2022,iphiclus,0,
1,high_density,2,37,5/30/2022,serpa,2,
1,high_density,2,37,5/30/2022,junonia,1,
1,high_density,2,38,5/30/2022,iphiclus,0,
1,high_density,2,38,5/30/2022,serpa,1,
1,high_density,2,38,5/30/2022,junonia,1,
1,high_density,2,39,5/31/2022,iphiclus,0,
1,high_density,2,39,5/31/2022,serpa,0,
1,high_density,2,39,5/31/2022,junonia,0,
1,high_density,2,40,5/31/2022,iphiclus,0,
1,high_density,2,40,5/31/2022,serpa,0,
1,high_density,2,40,5/31/2022,junonia,0,
1,high_density,2,41,5/31/2022,iphiclus,0,
1,high_density,2,41,5/31/2022,serpa,0,
1,high_density,2,41,5/31/2022,junonia,0,
1,high_density,2,42,5/31/2022,iphiclus,0,
1,high_density,2,42,5/31/2022,serpa,0,
1,high_density,2,42,5/31/2022,junonia,0,
1,high_density,2,43,5/31/2022,iphiclus,0,
1,high_density,2,43,5/31/2022,serpa,0,
1,high_density,2,43,5/31/2022,junonia,0,
1,high_density,2,44,5/31/2022,iphiclus,1,
1,high_density,2,44,5/31/2022,serpa,0,
1,high_density,2,44,5/31/2022,junonia,0,
1,high_density,2,45,5/31/2022,iphiclus,0,
1,high_density,2,45,5/31/2022,serpa,0,
1,high_density,2,45,5/31/2022,junonia,1,
1,high_density,2,46,5/31/2022,iphiclus,0,
1,high_density,2,46,5/31/2022,serpa,0,
1,high_density,2,46,5/31/2022,junonia,1,
1,high_density,2,47,5/31/2022,iphiclus,1,
1,high_density,2,47,5/31/2022,serpa,0,
1,high_density,2,47,5/31/2022,junonia,0,
1,high_density,2,48,5/31/2022,iphiclus,0,
1,high_density,2,48,5/31/2022,serpa,0,
1,high_density,2,48,5/31/2022,junonia,0,
1,high_density,2,49,5/31/2022,iphiclus,1,
1,high_density,2,49,5/31/2022,serpa,2,
1,high_density,2,49,5/31/2022,junonia,0,
1,high_density,2,50,5/31/2022,iphiclus,1,
1,high_density,2,50,5/31/2022,serpa,0,
1,high_density,2,50,5/31/2022,junonia,1,
1,high_density,3,26,5/31/2022,iphiclus,0,
1,high_density,3,26,5/31/2022,serpa,0,
1,high_density,3,26,5/31/2022,junonia,1,SITE # UNSPECIFIED
1,high_density,3,27,5/31/2022,iphiclus,1,
1,high_density,3,27,5/31/2022,serpa,2,
1,high_density,3,27,5/31/2022,junonia,0,
1,high_density,3,28,5/31/2022,iphiclus,0,
1,high_density,3,28,5/31/2022,serpa,0,
1,high_density,3,28,5/31/2022,junonia,0,
1,high_density,3,29,5/31/2022,iphiclus,1,
1,high_density,3,29,5/31/2022,serpa,1,
1,high_density,3,29,5/31/2022,junonia,1,
1,high_density,3,30,5/31/2022,iphiclus,0,
1,high_density,3,30,5/31/2022,serpa,0,
1,high_density,3,30,5/31/2022,junonia,0,
1,high_density,3,31,5/31/2022,iphiclus,0,
1,high_density,3,31,5/31/2022,serpa,0,
1,high_density,3,31,5/31/2022,junonia,1,
1,high_density,3,32,5/31/2022,iphiclus,0,
1,high_density,3,32,5/31/2022,serpa,0,
1,high_density,3,32,5/31/2022,junonia,0,
1,high_density,3,33,5/31/2022,iphiclus,0,
1,high_density,3,33,5/31/2022,serpa,0,
1,high_density,3,33,5/31/2022,junonia,0,
1,high_density,3,34,5/31/2022,iphiclus,0,
1,high_density,3,34,5/31/2022,serpa,0,
1,high_density,3,34,5/31/2022,junonia,0,
1,high_density,3,35,5/31/2022,iphiclus,0,
1,high_density,3,35,5/31/2022,serpa,1,
1,high_density,3,35,5/31/2022,junonia,2,
1,high_density,3,36,5/31/2022,iphiclus,0,
1,high_density,3,36,5/31/2022,serpa,0,
1,high_density,3,36,5/31/2022,junonia,0,
1,high_density,3,37,5/31/2022,iphiclus,1,
1,high_density,3,37,5/31/2022,serpa,2,
1,high_density,3,37,5/31/2022,junonia,0,
1,high_density,3,38,5/31/2022,iphiclus,1,
1,high_density,3,38,5/31/2022,serpa,0,
1,high_density,3,38,5/31/2022,junonia,0,
1,high_density,3,39,6/1/2022,iphiclus,0,
1,high_density,3,39,6/1/2022,serpa,0,
1,high_density,3,39,6/1/2022,junonia,0,
1,high_density,3,40,6/1/2022,iphiclus,0,
1,high_density,3,40,6/1/2022,serpa,0,
1,high_density,3,40,6/1/2022,junonia,0,
1,high_density,3,41,6/1/2022,iphiclus,0,
1,high_density,3,41,6/1/2022,serpa,1,
1,high_density,3,41,6/1/2022,junonia,0,
1,high_density,3,42,6/1/2022,iphiclus,0,
1,high_density,3,42,6/1/2022,serpa,0,
1,high_density,3,42,6/1/2022,junonia,0,
1,high_density,3,43,6/1/2022,iphiclus,0,
1,high_density,3,43,6/1/2022,serpa,1,
1,high_density,3,43,6/1/2022,junonia,0,
1,high_density,3,44,6/1/2022,iphiclus,0,
1,high_density,3,44,6/1/2022,serpa,0,
1,high_density,3,44,6/1/2022,junonia,0,
1,high_density,3,45,6/1/2022,iphiclus,0,
1,high_density,3,45,6/1/2022,serpa,0,
1,high_density,3,45,6/1/2022,junonia,0,
1,high_density,3,46,6/1/2022,iphiclus,0,
1,high_density,3,46,6/1/2022,serpa,0,
1,high_density,3,46,6/1/2022,junonia,1,
1,high_density,3,47,6/1/2022,iphiclus,0,
1,high_density,3,47,6/1/2022,serpa,2,
1,high_density,3,47,6/1/2022,junonia,0,
1,high_density,3,48,6/1/2022,iphiclus,0,
1,high_density,3,48,6/1/2022,serpa,0,
1,high_density,3,48,6/1/2022,junonia,0,
1,high_density,3,49,6/1/2022,iphiclus,0,
1,high_density,3,49,6/1/2022,serpa,0,
1,high_density,3,49,6/1/2022,junonia,1,
1,high_density,3,50,6/1/2022,iphiclus,2,
1,high_density,3,50,6/1/2022,serpa,0,
1,high_density,3,50,6/1/2022,junonia,1,
1,high_density,4,26,6/1/2022,iphiclus,0,
1,high_density,4,26,6/1/2022,serpa,1,SITE # UNSPECIFIED
1,high_density,4,26,6/1/2022,junonia,1,SITE # UNSPECIFIED
1,high_density,4,27,6/1/2022,iphiclus,0,
1,high_density,4,27,6/1/2022,serpa,0,
1,high_density,4,27,6/1/2022,junonia,0,
1,high_density,4,28,6/1/2022,iphiclus,0,
1,high_density,4,28,6/1/2022,serpa,0,
1,high_density,4,28,6/1/2022,junonia,0,
1,high_density,4,29,6/1/2022,iphiclus,0,
1,high_density,4,29,6/1/2022,serpa,0,
1,high_density,4,29,6/1/2022,junonia,3,
1,high_density,4,30,6/1/2022,iphiclus,0,
1,high_density,4,30,6/1/2022,serpa,1,
1,high_density,4,30,6/1/2022,junonia,0,
1,high_density,4,31,6/1/2022,iphiclus,0,
1,high_density,4,31,6/1/2022,serpa,0,
1,high_density,4,31,6/1/2022,junonia,0,
1,high_density,4,32,6/1/2022,iphiclus,0,
1,high_density,4,32,6/1/2022,serpa,0,
1,high_density,4,32,6/1/2022,junonia,0,
1,high_density,4,33,6/1/2022,iphiclus,0,
1,high_density,4,33,6/1/2022,serpa,0,
1,high_density,4,33,6/1/2022,junonia,1,
1,high_density,4,34,6/1/2022,iphiclus,0,
1,high_density,4,34,6/1/2022,serpa,0,
1,high_density,4,34,6/1/2022,junonia,0,
1,high_density,4,35,6/1/2022,iphiclus,0,
1,high_density,4,35,6/1/2022,serpa,0,
1,high_density,4,35,6/1/2022,junonia,0,
1,high_density,4,36,6/1/2022,iphiclus,0,
1,high_density,4,36,6/1/2022,serpa,0,
1,high_density,4,36,6/1/2022,junonia,0,
1,high_density,4,37,6/1/2022,iphiclus,0,
1,high_density,4,37,6/1/2022,serpa,0,
1,high_density,4,37,6/1/2022,junonia,0,
1,high_density,4,38,6/1/2022,iphiclus,1,
1,high_density,4,38,6/1/2022,serpa,3,
1,high_density,4,38,6/1/2022,junonia,0,
1,high_density,4,39,6/2/2022,iphiclus,0,
1,high_density,4,39,6/2/2022,serpa,1,
1,high_density,4,39,6/2/2022,junonia,1,
1,high_density,4,40,6/2/2022,iphiclus,1,
1,high_density,4,40,6/2/2022,serpa,0,
1,high_density,4,40,6/2/2022,junonia,1,
1,high_density,4,41,6/2/2022,iphiclus,1,
1,high_density,4,41,6/2/2022,serpa,0,
1,high_density,4,41,6/2/2022,junonia,0,
1,high_density,4,42,6/2/2022,iphiclus,1,
1,high_density,4,42,6/2/2022,serpa,0,
1,high_density,4,42,6/2/2022,junonia,0,
1,high_density,4,43,6/2/2022,iphiclus,0,
1,high_density,4,43,6/2/2022,serpa,0,
1,high_density,4,43,6/2/2022,junonia,1,
1,high_density,4,44,6/2/2022,iphiclus,0,
1,high_density,4,44,6/2/2022,serpa,0,
1,high_density,4,44,6/2/2022,junonia,0,
1,high_density,4,45,6/2/2022,iphiclus,0,
1,high_density,4,45,6/2/2022,serpa,0,
1,high_density,4,45,6/2/2022,junonia,0,
1,high_density,4,46,6/2/2022,iphiclus,0,
1,high_density,4,46,6/2/2022,serpa,0,
1,high_density,4,46,6/2/2022,junonia,0,
1,high_density,4,47,6/2/2022,iphiclus,0,
1,high_density,4,47,6/2/2022,serpa,0,
1,high_density,4,47,6/2/2022,junonia,0,
1,high_density,4,48,6/2/2022,iphiclus,0,
1,high_density,4,48,6/2/2022,serpa,0,
1,high_density,4,48,6/2/2022,junonia,0,
1,high_density,4,49,6/2/2022,iphiclus,1,
1,high_density,4,49,6/2/2022,serpa,0,
1,high_density,4,49,6/2/2022,junonia,0,
1,high_density,4,50,6/2/2022,iphiclus,0,
1,high_density,4,50,6/2/2022,serpa,0,
1,high_density,4,50,6/2/2022,junonia,0,
2,low_density,1,51,6/7/2022,iphiclus,0,
2,low_density,1,51,6/7/2022,serpa,0,
2,low_density,1,51,6/7/2022,junonia,0,
2,low_density,1,52,6/7/2022,iphiclus,0,
2,low_density,1,52,6/7/2022,serpa,0,
2,low_density,1,52,6/7/2022,junonia,0,
2,low_density,1,53,6/7/2022,iphiclus,0,
2,low_density,1,53,6/7/2022,serpa,0,
2,low_density,1,53,6/7/2022,junonia,0,
2,low_density,1,54,6/7/2022,iphiclus,1,
2,low_density,1,54,6/7/2022,serpa,0,
2,low_density,1,54,6/7/2022,junonia,0,
2,low_density,1,55,6/7/2022,iphiclus,0,
2,low_density,1,55,6/7/2022,serpa,1,
2,low_density,1,55,6/7/2022,junonia,1,
2,low_density,1,56,6/7/2022,iphiclus,0,
2,low_density,1,56,6/7/2022,serpa,0,
2,low_density,1,56,6/7/2022,junonia,0,
2,low_density,1,57,6/7/2022,iphiclus,0,
2,low_density,1,57,6/7/2022,serpa,0,
2,low_density,1,57,6/7/2022,junonia,0,
2,low_density,1,58,6/7/2022,iphiclus,0,
2,low_density,1,58,6/7/2022,serpa,0,
2,low_density,1,58,6/7/2022,junonia,1,
2,low_density,1,59,6/7/2022,iphiclus,0,
2,low_density,1,59,6/7/2022,serpa,0,
2,low_density,1,59,6/7/2022,junonia,1,
2,low_density,1,60,6/7/2022,iphiclus,0,
2,low_density,1,60,6/7/2022,serpa,0,
2,low_density,1,60,6/7/2022,junonia,1,
2,low_density,1,61,6/7/2022,iphiclus,0,
2,low_density,1,61,6/7/2022,serpa,0,
2,low_density,1,61,6/7/2022,junonia,0,
2,low_density,1,62,6/7/2022,iphiclus,0,
2,low_density,1,62,6/7/2022,serpa,0,
2,low_density,1,62,6/7/2022,junonia,0,
2,low_density,1,63,6/7/2022,iphiclus,0,
2,low_density,1,63,6/7/2022,serpa,0,
2,low_density,1,63,6/7/2022,junonia,0,
2,low_density,1,64,6/8/2022,iphiclus,0,
2,low_density,1,64,6/8/2022,serpa,0,
2,low_density,1,64,6/8/2022,junonia,0,
2,low_density,1,65,6/8/2022,iphiclus,0,
2,low_density,1,65,6/8/2022,serpa,0,
2,low_density,1,65,6/8/2022,junonia,1,
2,low_density,1,66,6/8/2022,iphiclus,0,
2,low_density,1,66,6/8/2022,serpa,2,
2,low_density,1,66,6/8/2022,junonia,0,
2,low_density,1,67,6/8/2022,iphiclus,0,
2,low_density,1,67,6/8/2022,serpa,0,
2,low_density,1,67,6/8/2022,junonia,0,
2,low_density,1,68,6/8/2022,iphiclus,0,
2,low_density,1,68,6/8/2022,serpa,1,
2,low_density,1,68,6/8/2022,junonia,0,
2,low_density,1,69,6/8/2022,iphiclus,0,
2,low_density,1,69,6/8/2022,serpa,0,
2,low_density,1,69,6/8/2022,junonia,0,
2,low_density,1,70,6/8/2022,iphiclus,0,
2,low_density,1,70,6/8/2022,serpa,0,
2,low_density,1,70,6/8/2022,junonia,0,
2,low_density,1,71,6/8/2022,iphiclus,0,
2,low_density,1,71,6/8/2022,serpa,0,
2,low_density,1,71,6/8/2022,junonia,0,
2,low_density,1,72,6/8/2022,iphiclus,0,
2,low_density,1,72,6/8/2022,serpa,0,
2,low_density,1,72,6/8/2022,junonia,0,
2,low_density,1,73,6/8/2022,iphiclus,1,
2,low_density,1,73,6/8/2022,serpa,2,
2,low_density,1,73,6/8/2022,junonia,0,
2,low_density,1,74,6/8/2022,iphiclus,1,
2,low_density,1,74,6/8/2022,serpa,0,
2,low_density,1,74,6/8/2022,junonia,0,
2,low_density,1,75,6/8/2022,iphiclus,0,
2,low_density,1,75,6/8/2022,serpa,0,
2,low_density,1,75,6/8/2022,junonia,1,
2,low_density,2,51,6/8/2022,iphiclus,0,
2,low_density,2,51,6/8/2022,serpa,0,
2,low_density,2,51,6/8/2022,junonia,0,
2,low_density,2,52,6/8/2022,iphiclus,0,
2,low_density,2,52,6/8/2022,serpa,0,
2,low_density,2,52,6/8/2022,junonia,0,
2,low_density,2,53,6/8/2022,iphiclus,0,
2,low_density,2,53,6/8/2022,serpa,0,
2,low_density,2,53,6/8/2022,junonia,0,
2,low_density,2,54,6/8/2022,iphiclus,0,
2,low_density,2,54,6/8/2022,serpa,2,
2,low_density,2,54,6/8/2022,junonia,0,
2,low_density,2,55,6/8/2022,iphiclus,1,
2,low_density,2,55,6/8/2022,serpa,0,
2,low_density,2,55,6/8/2022,junonia,0,
2,low_density,2,56,6/8/2022,iphiclus,0,
2,low_density,2,56,6/8/2022,serpa,0,
2,low_density,2,56,6/8/2022,junonia,0,
2,low_density,2,57,6/8/2022,iphiclus,0,
2,low_density,2,57,6/8/2022,serpa,0,
2,low_density,2,57,6/8/2022,junonia,1,
2,low_density,2,58,6/8/2022,iphiclus,0,
2,low_density,2,58,6/8/2022,serpa,0,
2,low_density,2,58,6/8/2022,junonia,0,
2,low_density,2,59,6/8/2022,iphiclus,0,
2,low_density,2,59,6/8/2022,serpa,0,
2,low_density,2,59,6/8/2022,junonia,1,
2,low_density,2,60,6/8/2022,iphiclus,1,
2,low_density,2,60,6/8/2022,serpa,1,
2,low_density,2,60,6/8/2022,junonia,1,
2,low_density,2,61,6/8/2022,iphiclus,1,
2,low_density,2,61,6/8/2022,serpa,0,
2,low_density,2,61,6/8/2022,junonia,0,
2,low_density,2,62,6/8/2022,iphiclus,0,
2,low_density,2,62,6/8/2022,serpa,0,
2,low_density,2,62,6/8/2022,junonia,0,
2,low_density,2,63,6/8/2022,iphiclus,0,
2,low_density,2,63,6/8/2022,serpa,1,
2,low_density,2,63,6/8/2022,junonia,0,
2,low_density,2,64,6/9/2022,iphiclus,0,
2,low_density,2,64,6/9/2022,serpa,0,
2,low_density,2,64,6/9/2022,junonia,1,
2,low_density,2,65,6/9/2022,iphiclus,0,
2,low_density,2,65,6/9/2022,serpa,1,
2,low_density,2,65,6/9/2022,junonia,1,
2,low_density,2,66,6/9/2022,iphiclus,0,
2,low_density,2,66,6/9/2022,serpa,0,
2,low_density,2,66,6/9/2022,junonia,0,
2,low_density,2,67,6/9/2022,iphiclus,0,
2,low_density,2,67,6/9/2022,serpa,0,
2,low_density,2,67,6/9/2022,junonia,0,
2,low_density,2,68,6/9/2022,iphiclus,0,
2,low_density,2,68,6/9/2022,serpa,1,
2,low_density,2,68,6/9/2022,junonia,0,
2,low_density,2,69,6/9/2022,iphiclus,0,
2,low_density,2,69,6/9/2022,serpa,0,
2,low_density,2,69,6/9/2022,junonia,0,
2,low_density,2,70,6/9/2022,iphiclus,0,
2,low_density,2,70,6/9/2022,serpa,0,
2,low_density,2,70,6/9/2022,junonia,0,
2,low_density,2,71,6/9/2022,iphiclus,0,
2,low_density,2,71,6/9/2022,serpa,2,
2,low_density,2,71,6/9/2022,junonia,1,
2,low_density,2,72,6/9/2022,iphiclus,0,
2,low_density,2,72,6/9/2022,serpa,0,
2,low_density,2,72,6/9/2022,junonia,0,
2,low_density,2,73,6/9/2022,iphiclus,0,
2,low_density,2,73,6/9/2022,serpa,0,
2,low_density,2,73,6/9/2022,junonia,0,
2,low_density,2,74,6/9/2022,iphiclus,0,
2,low_density,2,74,6/9/2022,serpa,0,
2,low_density,2,74,6/9/2022,junonia,0,
2,low_density,2,75,6/9/2022,iphiclus,0,
2,low_density,2,75,6/9/2022,serpa,0,
2,low_density,2,75,6/9/2022,junonia,0,
2,low_density,3,51,6/9/2022,iphiclus,0,
2,low_density,3,51,6/9/2022,serpa,0,
2,low_density,3,51,6/9/2022,junonia,0,
2,low_density,3,52,6/9/2022,iphiclus,0,
2,low_density,3,52,6/9/2022,serpa,0,
2,low_density,3,52,6/9/2022,junonia,0,
2,low_density,3,53,6/9/2022,iphiclus,0,
2,low_density,3,53,6/9/2022,serpa,1,
2,low_density,3,53,6/9/2022,junonia,0,
2,low_density,3,54,6/9/2022,iphiclus,0,
2,low_density,3,54,6/9/2022,serpa,0,
2,low_density,3,54,6/9/2022,junonia,0,
2,low_density,3,55,6/9/2022,iphiclus,1,
2,low_density,3,55,6/9/2022,serpa,0,
2,low_density,3,55,6/9/2022,junonia,0,
2,low_density,3,56,6/9/2022,iphiclus,0,
2,low_density,3,56,6/9/2022,serpa,1,
2,low_density,3,56,6/9/2022,junonia,0,
2,low_density,3,57,6/9/2022,iphiclus,0,
2,low_density,3,57,6/9/2022,serpa,0,
2,low_density,3,57,6/9/2022,junonia,0,
2,low_density,3,58,6/9/2022,iphiclus,0,
2,low_density,3,58,6/9/2022,serpa,0,
2,low_density,3,58,6/9/2022,junonia,0,
2,low_density,3,59,6/9/2022,iphiclus,0,
2,low_density,3,59,6/9/2022,serpa,0,
2,low_density,3,59,6/9/2022,junonia,1,
2,low_density,3,60,6/9/2022,iphiclus,0,
2,low_density,3,60,6/9/2022,serpa,0,
2,low_density,3,60,6/9/2022,junonia,0,
2,low_density,3,61,6/9/2022,iphiclus,0,
2,low_density,3,61,6/9/2022,serpa,1,
2,low_density,3,61,6/9/2022,junonia,1,
2,low_density,3,62,6/9/2022,iphiclus,0,
2,low_density,3,62,6/9/2022,serpa,0,
2,low_density,3,62,6/9/2022,junonia,0,
2,low_density,3,63,6/9/2022,iphiclus,0,
2,low_density,3,63,6/9/2022,serpa,0,
2,low_density,3,63,6/9/2022,junonia,0,
2,low_density,3,64,6/10/2022,iphiclus,0,
2,low_density,3,64,6/10/2022,serpa,0,
2,low_density,3,64,6/10/2022,junonia,0,
2,low_density,3,65,6/10/2022,iphiclus,0,
2,low_density,3,65,6/10/2022,serpa,0,
2,low_density,3,65,6/10/2022,junonia,0,
2,low_density,3,66,6/10/2022,iphiclus,0,
2,low_density,3,66,6/10/2022,serpa,0,
2,low_density,3,66,6/10/2022,junonia,0,
2,low_density,3,67,6/10/2022,iphiclus,0,
2,low_density,3,67,6/10/2022,serpa,0,
2,low_density,3,67,6/10/2022,junonia,0,
2,low_density,3,68,6/10/2022,iphiclus,0,
2,low_density,3,68,6/10/2022,serpa,0,
2,low_density,3,68,6/10/2022,junonia,1,
2,low_density,3,69,6/10/2022,iphiclus,0,
2,low_density,3,69,6/10/2022,serpa,0,
2,low_density,3,69,6/10/2022,junonia,1,
2,low_density,3,70,6/10/2022,iphiclus,0,
2,low_density,3,70,6/10/2022,serpa,0,
2,low_density,3,70,6/10/2022,junonia,0,
2,low_density,3,71,6/10/2022,iphiclus,0,
2,low_density,3,71,6/10/2022,serpa,0,
2,low_density,3,71,6/10/2022,junonia,0,
2,low_density,3,72,6/10/2022,iphiclus,0,
2,low_density,3,72,6/10/2022,serpa,0,
2,low_density,3,72,6/10/2022,junonia,1,
2,low_density,3,73,6/10/2022,iphiclus,0,
2,low_density,3,73,6/10/2022,serpa,0,
2,low_density,3,73,6/10/2022,junonia,1,
2,low_density,3,74,6/10/2022,iphiclus,0,
2,low_density,3,74,6/10/2022,serpa,0,
2,low_density,3,74,6/10/2022,junonia,0,
2,low_density,3,75,6/10/2022,iphiclus,0,
2,low_density,3,75,6/10/2022,serpa,0,
2,low_density,3,75,6/10/2022,junonia,0,
2,low_density,4,51,6/10/2022,iphiclus,0,
2,low_density,4,51,6/10/2022,serpa,0,
2,low_density,4,51,6/10/2022,junonia,0,
2,low_density,4,52,6/10/2022,iphiclus,0,
2,low_density,4,52,6/10/2022,serpa,0,
2,low_density,4,52,6/10/2022,junonia,0,
2,low_density,4,53,6/10/2022,iphiclus,0,
2,low_density,4,53,6/10/2022,serpa,0,
2,low_density,4,53,6/10/2022,junonia,0,
2,low_density,4,54,6/10/2022,iphiclus,0,
2,low_density,4,54,6/10/2022,serpa,0,
2,low_density,4,54,6/10/2022,junonia,0,
2,low_density,4,55,6/10/2022,iphiclus,1,
2,low_density,4,55,6/10/2022,serpa,0,
2,low_density,4,55,6/10/2022,junonia,0,
2,low_density,4,56,6/10/2022,iphiclus,0,
2,low_density,4,56,6/10/2022,serpa,0,
2,low_density,4,56,6/10/2022,junonia,0,
2,low_density,4,57,6/10/2022,iphiclus,0,
2,low_density,4,57,6/10/2022,serpa,0,
2,low_density,4,57,6/10/2022,junonia,0,
2,low_density,4,58,6/10/2022,iphiclus,0,
2,low_density,4,58,6/10/2022,serpa,0,
2,low_density,4,58,6/10/2022,junonia,1,
2,low_density,4,59,6/10/2022,iphiclus,0,
2,low_density,4,59,6/10/2022,serpa,0,
2,low_density,4,59,6/10/2022,junonia,0,
2,low_density,4,60,6/10/2022,iphiclus,0,
2,low_density,4,60,6/10/2022,serpa,0,
2,low_density,4,60,6/10/2022,junonia,0,
2,low_density,4,61,6/10/2022,iphiclus,0,
2,low_density,4,61,6/10/2022,serpa,0,
2,low_density,4,61,6/10/2022,junonia,0,
2,low_density,4,62,6/10/2022,iphiclus,0,
2,low_density,4,62,6/10/2022,serpa,0,
2,low_density,4,62,6/10/2022,junonia,0,
2,low_density,4,63,6/10/2022,iphiclus,0,
2,low_density,4,63,6/10/2022,serpa,0,
2,low_density,4,63,6/10/2022,junonia,0,
2,low_density,4,64,6/11/2022,iphiclus,0,
2,low_density,4,64,6/11/2022,serpa,0,
2,low_density,4,64,6/11/2022,junonia,0,
2,low_density,4,65,6/11/2022,iphiclus,0,
2,low_density,4,65,6/11/2022,serpa,0,
2,low_density,4,65,6/11/2022,junonia,0,
2,low_density,4,66,6/11/2022,iphiclus,0,
2,low_density,4,66,6/11/2022,serpa,2,
2,low_density,4,66,6/11/2022,junonia,0,
2,low_density,4,67,6/11/2022,iphiclus,0,
2,low_density,4,67,6/11/2022,serpa,0,
2,low_density,4,67,6/11/2022,junonia,0,
2,low_density,4,68,6/11/2022,iphiclus,0,
2,low_density,4,68,6/11/2022,serpa,0,
2,low_density,4,68,6/11/2022,junonia,0,
2,low_density,4,69,6/11/2022,iphiclus,0,
2,low_density,4,69,6/11/2022,serpa,0,
2,low_density,4,69,6/11/2022,junonia,0,
2,low_density,4,70,6/11/2022,iphiclus,0,
2,low_density,4,70,6/11/2022,serpa,0,
2,low_density,4,70,6/11/2022,junonia,0,
2,low_density,4,71,6/11/2022,iphiclus,0,
2,low_density,4,71,6/11/2022,serpa,0,
2,low_density,4,71,6/11/2022,junonia,0,
2,low_density,4,72,6/11/2022,iphiclus,0,
2,low_density,4,72,6/11/2022,serpa,0,
2,low_density,4,72,6/11/2022,junonia,0,
2,low_density,4,73,6/11/2022,iphiclus,0,
2,low_density,4,73,6/11/2022,serpa,0,
2,low_density,4,73,6/11/2022,junonia,1,
2,low_density,4,74,6/11/2022,iphiclus,0,
2,low_density,4,74,6/11/2022,serpa,1,
2,low_density,4,74,6/11/2022,junonia,0,
2,low_density,4,75,6/11/2022,iphiclus,1,
2,low_density,4,75,6/11/2022,serpa,0,
2,low_density,4,75,6/11/2022,junonia,1,
2,high_density,1,76,6/5/2022,iphiclus,0,
2,high_density,1,76,6/5/2022,serpa,0,
2,high_density,1,76,6/5/2022,junonia,0,
2,high_density,1,77,6/5/2022,iphiclus,0,
2,high_density,1,77,6/5/2022,serpa,0,
2,high_density,1,77,6/5/2022,junonia,0,
2,high_density,1,78,6/5/2022,iphiclus,1,
2,high_density,1,78,6/5/2022,serpa,0,
2,high_density,1,78,6/5/2022,junonia,2,
2,high_density,1,79,6/5/2022,iphiclus,0,
2,high_density,1,79,6/5/2022,serpa,0,
2,high_density,1,79,6/5/2022,junonia,0,
2,high_density,1,80,6/5/2022,iphiclus,0,
2,high_density,1,80,6/5/2022,serpa,0,
2,high_density,1,80,6/5/2022,junonia,0,
2,high_density,1,81,6/5/2022,iphiclus,0,
2,high_density,1,81,6/5/2022,serpa,0,
2,high_density,1,81,6/5/2022,junonia,0,
2,high_density,1,82,6/5/2022,iphiclus,0,
2,high_density,1,82,6/5/2022,serpa,0,
2,high_density,1,82,6/5/2022,junonia,0,
2,high_density,1,83,6/5/2022,iphiclus,0,
2,high_density,1,83,6/5/2022,serpa,0,
2,high_density,1,83,6/5/2022,junonia,0,
2,high_density,1,84,6/5/2022,iphiclus,0,
2,high_density,1,84,6/5/2022,serpa,1,
2,high_density,1,84,6/5/2022,junonia,1,
2,high_density,1,85,6/5/2022,iphiclus,0,
2,high_density,1,85,6/5/2022,serpa,0,
2,high_density,1,85,6/5/2022,junonia,0,
2,high_density,1,86,6/5/2022,iphiclus,0,
2,high_density,1,86,6/5/2022,serpa,1,
2,high_density,1,86,6/5/2022,junonia,1,
2,high_density,1,87,6/5/2022,iphiclus,0,
2,high_density,1,87,6/5/2022,serpa,0,
2,high_density,1,87,6/5/2022,junonia,0,
2,high_density,1,88,6/5/2022,iphiclus,0,
2,high_density,1,88,6/5/2022,serpa,0,
2,high_density,1,88,6/5/2022,junonia,1,
2,high_density,1,89,6/6/2022,iphiclus,0,
2,high_density,1,89,6/6/2022,serpa,1,
2,high_density,1,89,6/6/2022,junonia,0,
2,high_density,1,90,6/6/2022,iphiclus,0,
2,high_density,1,90,6/6/2022,serpa,0,
2,high_density,1,90,6/6/2022,junonia,0,
2,high_density,1,91,6/6/2022,iphiclus,1,
2,high_density,1,91,6/6/2022,serpa,1,
2,high_density,1,91,6/6/2022,junonia,1,
2,high_density,1,92,6/6/2022,iphiclus,0,
2,high_density,1,92,6/6/2022,serpa,1,
2,high_density,1,92,6/6/2022,junonia,0,
2,high_density,1,93,6/6/2022,iphiclus,0,
2,high_density,1,93,6/6/2022,serpa,1,
2,high_density,1,93,6/6/2022,junonia,0,
2,high_density,1,94,6/6/2022,iphiclus,0,
2,high_density,1,94,6/6/2022,serpa,0,
2,high_density,1,94,6/6/2022,junonia,0,
2,high_density,1,95,6/6/2022,iphiclus,0,
2,high_density,1,95,6/6/2022,serpa,0,
2,high_density,1,95,6/6/2022,junonia,0,
2,high_density,1,96,6/6/2022,iphiclus,1,
2,high_density,1,96,6/6/2022,serpa,0,
2,high_density,1,96,6/6/2022,junonia,1,
2,high_density,1,97,6/6/2022,iphiclus,0,
2,high_density,1,97,6/6/2022,serpa,0,
2,high_density,1,97,6/6/2022,junonia,0,
2,high_density,1,98,6/6/2022,iphiclus,1,
2,high_density,1,98,6/6/2022,serpa,0,
2,high_density,1,98,6/6/2022,junonia,0,
2,high_density,1,99,6/6/2022,iphiclus,0,
2,high_density,1,99,6/6/2022,serpa,0,
2,high_density,1,99,6/6/2022,junonia,0,
2,high_density,1,100,6/6/2022,iphiclus,0,
2,high_density,1,100,6/6/2022,serpa,0,
2,high_density,1,100,6/6/2022,junonia,1,
2,high_density,2,76,6/6/2022,iphiclus,1,
2,high_density,2,76,6/6/2022,serpa,0,
2,high_density,2,76,6/6/2022,junonia,0,
2,high_density,2,77,6/6/2022,iphiclus,0,
2,high_density,2,77,6/6/2022,serpa,0,
2,high_density,2,77,6/6/2022,junonia,0,
2,high_density,2,78,6/6/2022,iphiclus,0,
2,high_density,2,78,6/6/2022,serpa,0,
2,high_density,2,78,6/6/2022,junonia,0,
2,high_density,2,79,6/6/2022,iphiclus,0,
2,high_density,2,79,6/6/2022,serpa,1,
2,high_density,2,79,6/6/2022,junonia,2,
2,high_density,2,80,6/6/2022,iphiclus,1,
2,high_density,2,80,6/6/2022,serpa,0,
2,high_density,2,80,6/6/2022,junonia,0,
2,high_density,2,81,6/6/2022,iphiclus,0,
2,high_density,2,81,6/6/2022,serpa,0,
2,high_density,2,81,6/6/2022,junonia,0,
2,high_density,2,82,6/6/2022,iphiclus,0,
2,high_density,2,82,6/6/2022,serpa,0,
2,high_density,2,82,6/6/2022,junonia,0,
2,high_density,2,83,6/6/2022,iphiclus,0,
2,high_density,2,83,6/6/2022,serpa,2,
2,high_density,2,83,6/6/2022,junonia,0,
2,high_density,2,84,6/6/2022,iphiclus,0,
2,high_density,2,84,6/6/2022,serpa,0,
2,high_density,2,84,6/6/2022,junonia,0,
2,high_density,2,85,6/6/2022,iphiclus,1,
2,high_density,2,85,6/6/2022,serpa,0,
2,high_density,2,85,6/6/2022,junonia,0,
2,high_density,2,86,6/6/2022,iphiclus,0,
2,high_density,2,86,6/6/2022,serpa,0,
2,high_density,2,86,6/6/2022,junonia,0,
2,high_density,2,87,6/6/2022,iphiclus,0,
2,high_density,2,87,6/6/2022,serpa,0,
2,high_density,2,87,6/6/2022,junonia,0,
2,high_density,2,88,6/6/2022,iphiclus,0,
2,high_density,2,88,6/6/2022,serpa,0,
2,high_density,2,88,6/6/2022,junonia,0,
2,high_density,2,89,6/7/2022,iphiclus,0,
2,high_density,2,89,6/7/2022,serpa,0,
2,high_density,2,89,6/7/2022,junonia,0,
2,high_density,2,90,6/7/2022,iphiclus,0,
2,high_density,2,90,6/7/2022,serpa,0,
2,high_density,2,90,6/7/2022,junonia,0,
2,high_density,2,91,6/7/2022,iphiclus,0,
2,high_density,2,91,6/7/2022,serpa,0,
2,high_density,2,91,6/7/2022,junonia,0,
2,high_density,2,92,6/7/2022,iphiclus,0,
2,high_density,2,92,6/7/2022,serpa,1,
2,high_density,2,92,6/7/2022,junonia,0,
2,high_density,2,93,6/7/2022,iphiclus,0,
2,high_density,2,93,6/7/2022,serpa,0,
2,high_density,2,93,6/7/2022,junonia,0,
2,high_density,2,94,6/7/2022,iphiclus,0,
2,high_density,2,94,6/7/2022,serpa,0,
2,high_density,2,94,6/7/2022,junonia,0,
2,high_density,2,95,6/7/2022,iphiclus,0,
2,high_density,2,95,6/7/2022,serpa,1,
2,high_density,2,95,6/7/2022,junonia,0,
2,high_density,2,96,6/7/2022,iphiclus,0,
2,high_density,2,96,6/7/2022,serpa,0,
2,high_density,2,96,6/7/2022,junonia,0,
2,high_density,2,97,6/7/2022,iphiclus,0,
2,high_density,2,97,6/7/2022,serpa,0,
2,high_density,2,97,6/7/2022,junonia,1,
2,high_density,2,98,6/7/2022,iphiclus,1,
2,high_density,2,98,6/7/2022,serpa,0,
2,high_density,2,98,6/7/2022,junonia,0,
2,high_density,2,99,6/7/2022,iphiclus,1,
2,high_density,2,99,6/7/2022,serpa,0,
2,high_density,2,99,6/7/2022,junonia,0,
2,high_density,2,100,6/7/2022,iphiclus,0,
2,high_density,2,100,6/7/2022,serpa,0,
2,high_density,2,100,6/7/2022,junonia,0,
2,high_density,3,76,6/7/2022,iphiclus,0,
2,high_density,3,76,6/7/2022,serpa,0,
2,high_density,3,76,6/7/2022,junonia,0,
2,high_density,3,77,6/7/2022,iphiclus,0,
2,high_density,3,77,6/7/2022,serpa,0,
2,high_density,3,77,6/7/2022,junonia,0,
2,high_density,3,78,6/7/2022,iphiclus,0,
2,high_density,3,78,6/7/2022,serpa,0,
2,high_density,3,78,6/7/2022,junonia,0,
2,high_density,3,79,6/7/2022,iphiclus,0,
2,high_density,3,79,6/7/2022,serpa,0,
2,high_density,3,79,6/7/2022,junonia,1,
2,high_density,3,80,6/7/2022,iphiclus,0,
2,high_density,3,80,6/7/2022,serpa,0,
2,high_density,3,80,6/7/2022,junonia,0,
2,high_density,3,81,6/7/2022,iphiclus,0,
2,high_density,3,81,6/7/2022,serpa,0,
2,high_density,3,81,6/7/2022,junonia,0,
2,high_density,3,82,6/7/2022,iphiclus,1,
2,high_density,3,82,6/7/2022,serpa,0,
2,high_density,3,82,6/7/2022,junonia,0,
2,high_density,3,83,6/7/2022,iphiclus,0,
2,high_density,3,83,6/7/2022,serpa,0,
2,high_density,3,83,6/7/2022,junonia,0,
2,high_density,3,84,6/7/2022,iphiclus,0,
2,high_density,3,84,6/7/2022,serpa,1,
2,high_density,3,84,6/7/2022,junonia,0,
2,high_density,3,85,6/7/2022,iphiclus,1,
2,high_density,3,85,6/7/2022,serpa,0,
2,high_density,3,85,6/7/2022,junonia,0,
2,high_density,3,86,6/7/2022,iphiclus,0,
2,high_density,3,86,6/7/2022,serpa,1,
2,high_density,3,86,6/7/2022,junonia,0,
2,high_density,3,87,6/7/2022,iphiclus,0,
2,high_density,3,87,6/7/2022,serpa,0,
2,high_density,3,87,6/7/2022,junonia,0,
2,high_density,3,88,6/7/2022,iphiclus,1,
2,high_density,3,88,6/7/2022,serpa,1,
2,high_density,3,88,6/7/2022,junonia,2,
2,high_density,3,89,6/8/2022,iphiclus,1,
2,high_density,3,89,6/8/2022,serpa,0,
2,high_density,3,89,6/8/2022,junonia,0,
2,high_density,3,90,6/8/2022,iphiclus,1,
2,high_density,3,90,6/8/2022,serpa,0,
2,high_density,3,90,6/8/2022,junonia,0,
2,high_density,3,91,6/8/2022,iphiclus,0,
2,high_density,3,91,6/8/2022,serpa,0,
2,high_density,3,91,6/8/2022,junonia,0,
2,high_density,3,92,6/8/2022,iphiclus,1,
2,high_density,3,92,6/8/2022,serpa,0,
2,high_density,3,92,6/8/2022,junonia,1,
2,high_density,3,93,6/8/2022,iphiclus,0,
2,high_density,3,93,6/8/2022,serpa,1,
2,high_density,3,93,6/8/2022,junonia,0,
2,high_density,3,94,6/8/2022,iphiclus,0,
2,high_density,3,94,6/8/2022,serpa,0,
2,high_density,3,94,6/8/2022,junonia,0,
2,high_density,3,95,6/8/2022,iphiclus,0,
2,high_density,3,95,6/8/2022,serpa,0,
2,high_density,3,95,6/8/2022,junonia,1,
2,high_density,3,96,6/8/2022,iphiclus,0,
2,high_density,3,96,6/8/2022,serpa,1,
2,high_density,3,96,6/8/2022,junonia,0,
2,high_density,3,97,6/8/2022,iphiclus,0,
2,high_density,3,97,6/8/2022,serpa,1,
2,high_density,3,97,6/8/2022,junonia,0,
2,high_density,3,98,6/8/2022,iphiclus,0,
2,high_density,3,98,6/8/2022,serpa,0,
2,high_density,3,98,6/8/2022,junonia,0,
2,high_density,3,99,6/8/2022,iphiclus,0,
2,high_density,3,99,6/8/2022,serpa,0,
2,high_density,3,99,6/8/2022,junonia,0,
2,high_density,3,100,6/8/2022,iphiclus,0,
2,high_density,3,100,6/8/2022,serpa,0,
2,high_density,3,100,6/8/2022,junonia,0,
2,high_density,4,76,6/8/2022,iphiclus,0,
2,high_density,4,76,6/8/2022,serpa,0,
2,high_density,4,76,6/8/2022,junonia,1,
2,high_density,4,77,6/8/2022,iphiclus,0,
2,high_density,4,77,6/8/2022,serpa,0,
2,high_density,4,77,6/8/2022,junonia,0,
2,high_density,4,78,6/8/2022,iphiclus,0,
2,high_density,4,78,6/8/2022,serpa,0,
2,high_density,4,78,6/8/2022,junonia,0,
2,high_density,4,79,6/8/2022,iphiclus,0,
2,high_density,4,79,6/8/2022,serpa,0,
2,high_density,4,79,6/8/2022,junonia,0,
2,high_density,4,80,6/8/2022,iphiclus,0,
2,high_density,4,80,6/8/2022,serpa,1,
2,high_density,4,80,6/8/2022,junonia,0,
2,high_density,4,81,6/8/2022,iphiclus,0,
2,high_density,4,81,6/8/2022,serpa,0,
2,high_density,4,81,6/8/2022,junonia,0,
2,high_density,4,82,6/8/2022,iphiclus,0,
2,high_density,4,82,6/8/2022,serpa,0,
2,high_density,4,82,6/8/2022,junonia,0,
2,high_density,4,83,6/8/2022,iphiclus,1,
2,high_density,4,83,6/8/2022,serpa,0,
2,high_density,4,83,6/8/2022,junonia,0,
2,high_density,4,84,6/8/2022,iphiclus,0,
2,high_density,4,84,6/8/2022,serpa,0,
2,high_density,4,84,6/8/2022,junonia,0,
2,high_density,4,85,6/8/2022,iphiclus,0,
2,high_density,4,85,6/8/2022,serpa,0,
2,high_density,4,85,6/8/2022,junonia,0,
2,high_density,4,86,6/8/2022,iphiclus,0,
2,high_density,4,86,6/8/2022,serpa,0,
2,high_density,4,86,6/8/2022,junonia,0,
2,high_density,4,87,6/8/2022,iphiclus,0,
2,high_density,4,87,6/8/2022,serpa,0,
2,high_density,4,87,6/8/2022,junonia,0,
2,high_density,4,88,6/8/2022,iphiclus,0,
2,high_density,4,88,6/8/2022,serpa,1,
2,high_density,4,88,6/8/2022,junonia,0,
2,high_density,4,89,6/9/2022,iphiclus,0,
2,high_density,4,89,6/9/2022,serpa,0,
2,high_density,4,89,6/9/2022,junonia,0,
2,high_density,4,90,6/9/2022,iphiclus,0,
2,high_density,4,90,6/9/2022,serpa,1,
2,high_density,4,90,6/9/2022,junonia,0,
2,high_density,4,91,6/9/2022,iphiclus,0,
2,high_density,4,91,6/9/2022,serpa,0,
2,high_density,4,91,6/9/2022,junonia,0,
2,high_density,4,92,6/9/2022,iphiclus,0,
2,high_density,4,92,6/9/2022,serpa,0,
2,high_density,4,92,6/9/2022,junonia,0,
2,high_density,4,93,6/9/2022,iphiclus,0,
2,high_density,4,93,6/9/2022,serpa,0,
2,high_density,4,93,6/9/2022,junonia,0,
2,high_density,4,94,6/9/2022,iphiclus,0,
2,high_density,4,94,6/9/2022,serpa,1,
2,high_density,4,94,6/9/2022,junonia,0,
2,high_density,4,95,6/9/2022,iphiclus,0,
2,high_density,4,95,6/9/2022,serpa,1,
2,high_density,4,95,6/9/2022,junonia,0,
2,high_density,4,96,6/9/2022,iphiclus,0,
2,high_density,4,96,6/9/2022,serpa,0,
2,high_density,4,96,6/9/2022,junonia,2,
2,high_density,4,97,6/9/2022,iphiclus,0,
2,high_density,4,97,6/9/2022,serpa,0,
2,high_density,4,97,6/9/2022,junonia,1,
2,high_density,4,98,6/9/2022,iphiclus,0,
2,high_density,4,98,6/9/2022,serpa,0,
2,high_density,4,98,6/9/2022,junonia,0,
2,high_density,4,99,6/9/2022,iphiclus,1,
2,high_density,4,99,6/9/2022,serpa,2,
2,high_density,4,99,6/9/2022,junonia,0,
2,high_density,4,100,6/9/2022,iphiclus,1,
2,high_density,4,100,6/9/2022,serpa,1,
2,high_density,4,100,6/9/2022,junonia,1,